{"Store_id": 4.530470957526266e-11, "Store_Type": 1.087882314812234e-17, "Location_Type": 1.165699801410017e-17, "Region_Code": 3.383856872282884e-17}